"","clone","count","m366","m367","m368","m369","Shannon.entropy"
"1","CAAENQGGSAKLIF_CASSQVLGGDTQYF",495,1,494,0,0,0.721989641191724
"2","CAATSSGSWQLIF_CASSWGQGTEVFF",401,378,23,0,0,0.71427520433697
"3","CAAENTGNYKYVF_CASSLWGGDAETLYF",275,0,0,213,62,0.600804017222186
"4","CALVDRGNTGKLTF_CASSRKKNTLYF",228,0,0,15,213,0.564825354601193
"5","CALGGHYNVLYF_CAWRESGGASAETLYF",197,0,0,14,183,0.79215207877736
"6","CAARNNNAGAKLTF_CASSTLGGSSYEQYF",161,161,0,0,0,0.73494541712528
"7","CADNYAQGLTF_CASSLADSGNTLYF",137,0,137,0,0,0.756463727039986
"8","CALPRNSNNRIFF_CASSQQGDSAETLYF",132,0,0,61,71,0.572869136784613
"9","CALSRNTGNYKYVF_CASSDGYNSPLYF",118,0,0,2,116,0.692360865146977
"10","CAVILDTNAYKVIF_CASGNRGYAEQFF",108,75,33,0,0,0.703462678629055
"11","CAAEDTNAYKVIF_CASSRRNTGQLYF",94,0,0,41,53,0.616496204714204
"12","CAVRETGKLTF_CTCSAEGPRNTLYF",89,0,89,0,0,0.647949504278349
"13","CAGTSGGNYKPTF_CASSLVGNQAPLF",81,80,1,0,0,0.612836349536376
"14","CALRKNYNQGKLIF_CASSPTGGRYAEQFF",78,58,20,0,0,0.47676881263085
"15","CALTRNSNNRIFF_CASSQDQGRGNSPLYF",65,0,0,0,65,0.785462864118743
"16","CVLSAPGSGGKLTL_CSSSQNTGQLYF",64,0,0,28,36,0.754784766278655
"17","CAVSAGGTNAYKVIF_CASSDLFSLYF",63,0,0,39,24,0.661849765103995
"18","CAARGGNYKPTF_CASSPPGTGYAEQFF",62,0,0,35,27,0.161804311685961
"19","CALMNYNQGKLIF_CASSLEQGGAETLYF",59,14,45,0,0,0.665932367030053
"20","CAASNSAGNKLTF;CALGDRNRIFF_CASSQKTGGALEQYF",57,0,0,53,4,0.702861759025146
"21","CALSASSGSWQLIF_CASSGGGYEQYF",56,39,17,0,0,0.668597702605291
"22","CALSASSGSWQLIF;CALWELARGSALGRLHF_CASSGGGYEQYF",56,38,18,0,0,0.625427930312092
"23","CAMRGYGNEKITF_CASSRDRTNTEVFF",56,35,21,0,0,0.785168924891739
"24","CAVSKSNNRIFF_CASSPGQNTLYF",55,0,55,0,0,0.686617561093402
"25","CALSGTGNYKYVF_CASSHRGRQDTQYF",52,12,40,0,0,0.439992754017397
"26","CAASSNSAGNKLTF_CASSPQGSNTEVFF",47,0,0,46,1,0.672118192513991
"27","CALGDRGQGKLIF_CASSFRDKYAEQFF",45,45,0,0,0,0.709424128261983
"28","CAASERGSALGRLHF_CASSRAGSQDTQYF",44,21,23,0,0,0.745855815992944
"29","CAAEASNNRIFF;CAASEMNYNQGKLIF_CASSRTGGSTLYF",43,0,0,42,1,0.277385378274814
"30","CAASEVLSGSFNKLTF_CGARDRDRGTERLFF",43,0,43,0,0,0.574720139083204
"31","CALSENTGYQNFYF_CASSQEATEVFF",41,0,0,10,31,0.654408880269467
"32","CAVITGNTGKLIF_CAWSPGTGVEQYF",41,0,0,41,0,0.486393557203812
"33","NA_CSSSQNTGQLYF",41,0,0,12,29,0.51691927902694
"34","CALGERGNYKYVF_CASSFTAEVFF",40,38,2,0,0,0.700805888206252
"35","CSATSGGNYKPTF_CASSLEGGNSDYTF",40,0,0,40,0,0.65378702093814
"36","CAMEPTGNTGKLIF_CASSYGPGTEVFF",37,0,2,9,26,0.660529420734939
"37","NA_CASSWGQGTEVFF",37,32,5,0,0,0.724443243183023
"38","CAARGASSGSWQLIF;CAAPPGGNYKPTF_CAWRPGTNQAPLF",36,0,0,0,36,0.653209274886583
"39","CAVSATGNYKYVF_CASSIGTSNTEVFF",36,0,36,0,0,0.681124849914774
"40","NA_CASSLADSGNTLYF",36,0,36,0,0,0.739280253837362
"41","NA_CAWRESGGASAETLYF",36,0,0,2,34,0.715456044677858
"42","CAMRVYGSSGNKLIF_CASSLDSYEQYF",34,0,0,34,0,0.491027584120116
"43","CATRNSNNRIFF_CASSQDWGNTEVFF",34,33,1,0,0,0.607156658152122
"44","CAAEAGSNYNVLYF_CASSRDSLPLYF",33,1,32,0,0,0.721963953529144
"45","CAASRTGNTGKLIF_CASSDRGGLAEQFF",33,0,0,10,23,0.535509391146244
"46","CALSDRNYAQGLTF_CASSRDRDTQYF",33,0,33,0,0,0.385263508027599
"47","CAVRAGSGGKLTL_CASSPHWVGDTQYF",33,0,0,15,18,0.764575244954658
"48","CAVSDGSSGNKLIF;CAARLSNTGYQNFYF_CASSPDKYYAEQFF",33,0,0,33,0,0.645633750492601
"49","CAAEASSSFSKLVF_CASSPTGVEQYF",32,0,0,6,26,0.612780077870093
"50","CAASRTTASLGKLQF_CTCSAVNQAPLF",32,0,0,0,32,0.664590137152083
"51","CALVGTGGYKVVF_CGATGTGDYEQYF",32,0,0,1,31,0.584959899452911
"52","CAAENQGGSAKLIF_NA",31,0,31,0,0,0.669700476588136
"53","CAARLSNTGYQNFYF;CAVSDGSSGNKLIF_CASSPDKYYAEQFF",31,0,0,31,0,0.666202862385079
"54","CAGNTNTGKLTF_CASTGLGGRRTLYF",31,0,5,26,0,0.49904988904998
"55","CAVRGGSNAKLTF_CASRQSSYEQYF",30,30,0,0,0,0.661594582624265
"56","CALGDRNRIFF;CAASNSAGNKLTF_CASSQKTGGALEQYF",29,0,0,29,0,0.559327188574381
"57","CAASEGYSNNRLTL_CASSLGYQDTQYF",28,0,0,6,22,0.528345835353836
"58","CAVSAWTGSGGKLTL_CAWGQANERLFF",28,0,0,1,27,0.792844926475866
"59","CAASAGGYQNFYF_CAWSRTASAETLYF",26,3,23,0,0,0.643248774375879
"60","CAASRNMGYKLTF_CASSLAGQGYSDYTF",26,0,0,0,26,0.730577374036417
"61","CALSEYNQGKLIF;CAVRETYNQGKLIF_CASSLGTNSGNTLYF",26,13,13,0,0,0.715714334497388
"62","CAMEPNSGTYQRF_CASGGLGSSSYEQYF",26,0,0,26,0,0.710318725486645
"63","CAATYQGGRALIF_CASGSPGLGGQEQYF",25,25,0,0,0,0.636027395936386
"64","CALWELARGSALGRLHF;CALSASSGSWQLIF_CASSGGGYEQYF",25,16,9,0,0,0.59052719856133
"65","CAMREGNTNTGKLTF_CASSLEAANTEVFF",25,3,22,0,0,0.506725689896433
"66","CATSSGGNYKPTF;CALSGWYNQGKLIF_CASSPPGSSYEQYF",25,0,0,25,0,0.483082842546562
"67","CAVSASGGSNAKLTF_CASSRLGVEQYF",25,5,20,0,0,0.669251899345661
"68","NA_CASSDLFSLYF",25,0,0,10,15,0.577500893790671
"69","CALSSLTGNTGKLIF_CASSRLGGQDTQYF",24,24,0,0,0,0.619257716434156
"70","CAMRDYSNNRLTL_CASSLSGINQDTQYF",24,12,12,0,0,0.570677346588548
"71","CAAPPGGNYKPTF;CAARGASSGSWQLIF_CAWRPGTNQAPLF",22,0,0,0,22,0.583273972579895
"72","CAASGTGSGGKLTL_CASSQEGGRAETLYF",22,0,0,0,22,0.747318232389597
"73","CAASMDTGNYKYVF_CASGVDWGDTQYF",22,0,0,22,0,0.604625560111402
"74","CATEGGGYKVVF_CASSQDGGNTGQLYF",22,22,0,0,0,0.597760178744088
"75","CAASLGSNYQLIW_CASSGTGGGQNTLYF",21,0,0,17,4,0.504968990133789
"76","CAASNSAGNKLTF_CASSQKTGGALEQYF",21,0,0,21,0,0.647442781507482
"77","CALELSNYNVLYF;CALGTGNTGKLIF_CASGEGTTNTEVFF",21,9,12,0,0,0.720573645738857
"78","NA_CASGNRGYAEQFF",21,12,9,0,0,0.686995761756619
"79","NA_CASSQVLGGDTQYF",21,0,21,0,0,0.730991782999972
"80","CAASADSAGNKLTF_CASSLNERLFF",20,20,0,0,0,0.552285101496187
"81","CAMERRATASLGKLQF_CASSQNEQYF",20,0,20,0,0,0.752886726460119
"82","CAAPGAGNTGKLIF_CASSPQANTEVFF",19,0,0,19,0,0.652638541859628
"83","CALSNNRIFF_CASSSDWGKDTQYF",19,0,0,2,17,0.604011360485396
"84","CALVDRGNTGKLTF_NA",18,0,0,3,15,0.452752334453453
"85","CAVSNSAGNKLTF_CASSPQGAGNTQYF",18,0,0,18,0,0.576322554288756
"86","CAAGYNTNTGKLTF_CASSHPTGGSYEQYF",17,0,17,0,0,0.656646239781197
"87","CAASRGNKMIF_CASHRTGGFTGQLYF",17,13,4,0,0,0.599775656881247
"88","CAMREGMGSALGRLHF_CASSLWGAQNTLYF",17,0,0,10,7,0.479954839468533
"89","CAMREGPGGYKVVF_CASSRTIQDTQYF",17,0,17,0,0,0.624640992113787
"90","CAMREGYSNNRLTL_CASSRDSNSPLYF",17,0,0,17,0,0.703613264752111
"91","CAMRESQGGRALIF_CAWSLEGGYAEQFF",17,1,16,0,0,0.709490656112632
"92","CAAITGNTGKLIF_CASSNRGRDTQYF",16,16,0,0,0,0.601399423714505
"93","CAIRTGNTGKLIF_CASSDSDSGNTLYF",16,0,16,0,0,0.634063570719631
"94","CALERYGSSGNKLIF_CASSRDYAEQFF",16,13,3,0,0,0.575905555822085
"95","CALGSSGSWQLIF_CASSPGGGGTTEVFF",16,7,9,0,0,0.767874074429446
"96","CAMRERANAYKVIF_CASSSQGGGTEVFF",16,0,0,16,0,0.615742622773617
"97","CATDVGTASLGKLQF_CASSLQGRSGLRQDTQYF",16,16,0,0,0,0.659813595500305
"98","NA_CASSDGYNSPLYF",16,0,0,0,16,0.634063570719631
"99","NA_CASSLTGSSAETLYF",16,0,0,16,0,0
"100","CALAHNTNTGKLTF_CASSPGISQNTLYF",15,0,0,14,1,0.549405146106926
"101","CALGSTGNYKYVF_CTCSGTSAETLYF",15,0,0,2,13,0.597128203846219
"102","NA_CASSFRDRGVNQDTQYF",15,13,0,2,0,0.733639150411454
"103","NA_CASSRDRTNTEVFF",15,11,4,0,0,0.714096805935705
"104","CALGSSNTNKVVF_CASSQGQPSAETLYF",14,0,0,11,3,0.45292949706552
"105","CALSVNAGAKLTF_CASSYAGGVAEQFF",14,0,0,14,0,0.579440124693573
"106","CAVSRSSNTNKVVF_CASSQATGTKISNERLFF",14,0,14,0,0,0.544700504611887
"107","CVLSAGSSGNKLIF_CASSSSYEQYF",14,0,0,5,9,0.68199958867429
"108","NA_CASSLWGGDAETLYF",14,0,0,11,3,0.551837336978233
"109","CAAEANNYAQGLTF_CASSRLGSQNTLYF",13,0,0,6,7,0.402724983951771
"110","CALGSLNYNQGKLIF_CASSMLGGSSYEQYF",13,3,10,0,0,0.592753822215747
"111","CALGTGNTGKLIF;CALELSNYNVLYF_CASGEGTTNTEVFF",13,8,5,0,0,0.602405900800738
"112","CAMRDYSNNRLTL_CASSLPRGGDNQAPLF",13,0,0,8,5,0.481481299277868
"113","CATLPGTGSNRLTF;CALSDQNNNAPRF_CASSAGVGNTLYF",13,13,0,0,0,0.523649585474641
"114","CAVSAGSNNRIFF_CGARDWGGDYEQYF;CASSSNTGQLYF",13,13,0,0,0,0.750266452867942
"115","CILRVQGGSAKLIF_CASSLRGGNTEVFF",13,2,11,0,0,0.293100199854259
"116","CVLSPSNTGYQNFYF_CASSQGTGYEQYF",13,0,0,0,13,0.331654488097124
"117","CAAPPGGNYKPTF_CAWRPGTNQAPLF",12,0,0,0,12,0.544119301954194
"118","CAASGGADRLTF;CALSLNSGGSNAKLTF_CASSYRVSDYTF",12,0,0,12,0,0.485358004985276
"119","CALGANNAGAKLTF_CASSLFQNTLYF",12,0,0,12,0,0.584648858716161
"120","CALGDRNRIFF_CASSQKTGGALEQYF",12,0,0,12,0,0.627308529517797
"121","CALSDTGNYKYVF_CASSLVRDRGSYTF",12,12,0,0,0,0.576322554288757
"122","CAVSNTNTGKLTF_CASSQTGGAGQYF",12,1,11,0,0,0.602880598923111
"123","NA_CAWSPGTGVEQYF",12,0,0,12,0,0.455777321106054
"124","CAAGTGGNNKLTF;CALSGATGGNNKLTF_CASSLDWGAFTGQLYF",11,0,0,11,0,0.431498059108168
"125","CAARGNNRIFF;CAVPDTNKVVF_CASSLGWGANTLYF",11,0,11,0,0,0.617649349878943
"126","CAARNNNAGAKLTF_NA",11,11,0,0,0,0.431498059108168
"127","CAASGTGYQNFYF;CAMEGGSNAKLTF_CASGDQGANSDYTF",11,11,0,0,0,0.606242347914863
"128","CAASKGGSFNKLTF_CASSRTTNSDYTF;CASTEVNNQAPLF",11,0,0,5,6,0.699317993300251
"129","CAASSNTNKVVF_CAWSPGLGASAETLYF",11,11,0,0,0,0.522249943723007
"130","CAIKTGSGGKLTL_CASGEGGQNTLYF",11,0,0,11,0,0.606242347914863
"131","CALRGANSGTYQRF_CASSRDSSYEQYF",11,0,0,0,11,0.728290405628637
"132","CALSGWYNQGKLIF;CATSSGGNYKPTF_CASSPPGSSYEQYF",11,0,0,11,0,0.478035881800862
"133","CALSYYANKMIF_CASSDAAGNTLYF",11,11,0,0,0,0.478035881800862
"134","CAVRSRNNRIFF_CASSQVNQDTQYF",11,2,9,0,0,0.588676937550556
"135","CAVSKGNTGKLTF_CASGLGGDYAEQFF",11,11,0,0,0,0.571111527186249
"136","NA_CASSLPRGGDNQAPLF",11,0,0,2,9,0.652780170607557
"137","NA_CASSTLGGSSYEQYF",11,11,0,0,0,0.568787766415701
"138","CAARRNSNNRIFF_CASRSGDQDTQYF",10,1,9,0,0,0.553116089268709
"139","CALRKNYNQGKLIF_NA",10,4,6,0,0,0.331583854867722
"140","CALSDLTNTGKLTF_CASSQEAGGASQNTLYF",10,0,10,0,0,0.450732879344783
"141","CALSEYNQGKLIF_CASSLGTNSGNTLYF",10,5,5,0,0,0.543124523955824
"142","CATDQGYNQGKLIF_NA",10,0,0,9,1,0.440741314031898
"143","CAVPDTNKVVF;CAARGNNRIFF_CASSLGWGANTLYF",10,0,10,0,0,0.543124523955824
"144","CAVRRGTTASLGKLQF_CASSRDWASAETLYF",10,0,0,0,10,0.543124523955824
"145","CILRVANQGGSAKLIF_CASSDQGDTEVFF",10,0,0,3,7,0.501924484306746
"146","NA_CASSPPGTGYAEQFF",10,0,0,7,3,0.235974894184045
"147","NA_CTCSAEGPRNTLYF",10,0,10,0,0,0.677377387440976
"148","NA_CTCSGTSAETLYF",10,0,0,0,10,0.606863831078275
